Timestamp,Email address,Registered company name and Brand name (if different),Business registration number (optional but recommended),Physical warehouse locations,Service coverage (Statewide / Nationwide / Regional),Years in operation,"Existing sales channels (Offline, WhatsApp, Sales reps, etc.)
","Do you currently use any inventory/accounting software? (e.g., Odoo, Sage, custom ERP)",Estimated number of SKUs at launch,"Product categories (e.g., beverages, groceries, cleaning supplies, etc.)","
Do products have variants? (Size, carton/pack, brand type)",Minimum order quantities per product?,"Bulk pricing tiers? (e.g., 1–10 cartons, 11–50 cartons, etc.)
","Do prices differ per customer type? (Retailer vs Hotel vs Distributor, etc)",Stock management process (Real-time or manual update?),Warehouse structure (Single warehouse or multi-warehouse?),"If possible, provide:
Product sample list in Excel format
Current pricing structure
SKU coding format",Will users need account approval before seeing prices?,"Do you want restricted access pricing?
",Are there different buyer categories?,Will you allow credit purchases?,Do you offer negotiated pricing for specific buyers?,Should buyers see their order history & invoices?,Do you require KYC/business verification for buyers?,"Accepted payment methods (Paystack, Flutterwave, Bank transfer, Credit terms?)",Delivery model (Own fleet / Third-party logistics),Delivery coverage areas,"Delivery pricing logic (Flat rate, weight-based, location-based)",Do you allow pickup from the warehouse?,Do you require delivery scheduling?,Tax/VAT handling requirements?,Order approval workflow (Automatic or manual review?),Stock deduction timing (On order or on dispatch?),Invoice generation process,Who manages orders internally?,"Do you need role-based dashboards? (Admin, Sales Manager, Warehouse Staff)",Should sales reps place orders on behalf of buyers?,Do you need order modification before dispatch?,Logo (vector format preferred),Brand color codes,Company profile,Mission & vision,Service coverage map,Product images (if available),Corporate brand guideline (if available),"Technical & Infrastructure
Hosting preference (Cloud or managed hosting)
Do you require email setup?","Marketing & Growth Requirements
SEO target regions?",Will you run paid ads?,Should the system support discount campaigns?,Referral or loyalty programs?,Column 51,Professional Certifications/Accreditations (if applicable)
23/02/2026 13:57:53,perfectsoar@gmail.com,Iyknel Ventures Ltd ,Iyknel Ventures Ltd ,"10 Ayoola, Abesan Estate Road, Gate bus stop, Ipaja",Statewide ,13,"Walk-in, Whatsapp, sales reps, Van sales Reps,",Yes,,FMCG,Yes,"This is Relative, based on product and price",Based on MOQ,Just distributor pricing and it is based on Volume,Realtime... If it is possible to integrate with current Enterprise solution,Single,,No,Yes,No,No,Yes,Yes,Yes,"Bank transfer, Paystack or flutterwave",Own Model,To start with - Lagos and immediate Environs,Weight and/or Location-based,Yes,Yes,Yes,Manual review,"On order, can only be held for 24hrs",,Online Sales executive ,Yes,Yes,Yes,,,,,,,,,,Yes,Yes,Yes,,