sku,name,category,price_naira,weight_grams,units_per_carton,cartons_delta,pieces_delta,description
HWSMN95,Honeywell Semolina 10KG,Ball food,14100,10000,,0,200,"Honeywell Semolina 10kg is a premium semolina meal made from carefully selected durum wheat. It delivers a smooth texture, great taste, and consistent quality for preparing swallow meals such as semovita. Rich in energy, easy to prepare, and suitable for homes, restaurants, and catering businesses. Packed for freshness and reliable value."
HWSMN5,Honeywell Semolina 5kg,Ball food,7200,5000,,0,300,"Honeywell Semolina 5kg is a premium semolina meal made from carefully selected durum wheat. It delivers a smooth texture, great taste, and consistent quality for preparing swallow meals such as semovita. Rich in energy, easy to prepare, and suitable for homes, restaurants, and catering businesses. Packed for freshness and reliable value."
HWSMN2,Honeywell Semolina 2kg x 5,Ball food,14400,10000,,0,150,"Honeywell Semolina is a premium semolina meal made from carefully selected durum wheat. It delivers a smooth texture, great taste, and consistent quality for preparing swallow meals such as semovita. Rich in energy, easy to prepare, and suitable for homes, restaurants, and catering businesses. Packed for freshness and reliable value."
HWSMN1,Honeywell Semolina 1kg x 10,Ball food,14500,10000,,0,150,"Honeywell Semolina  is a premium semolina meal made from carefully selected durum wheat. It delivers a smooth texture, great taste, and consistent quality for preparing swallow meals such as semovita. Rich in energy, easy to prepare, and suitable for homes, restaurants, and catering businesses. Packed for freshness and reliable value."
HWHT5,Honeywell Wheat  5kg,Ball food,5700,5000,,0,200,"Honeywell Wheat  is high-quality flour milled from carefully selected grains for baking, cooking, and food preparation. It offers excellent texture, consistent performance, and dependable results for bread, pastries, snacks, and other recipes. Ideal for households, bakeries, restaurants, and food service operators seeking quality and value."
HWHT1,Honeywell Wheat 1kgx 10,Ball food,11300,10000,,0,100,"Honeywell Wheat 1kgx 10 is high-quality flour milled from carefully selected grains for baking, cooking, and food preparation. It offers excellent texture, consistent performance, and dependable results for bread, pastries, snacks, and other recipes. Ideal for households, bakeries, restaurants, and food service operators seeking quality and value."
HWHT2,Honeywell Wheat 2kg x 5,Ball food,11250,10000,,0,100,"Honeywell Wheat 2kg x 5 is high-quality flour milled from carefully selected grains for baking, cooking, and food preparation. It offers excellent texture, consistent performance, and dependable results for bread, pastries, snacks, and other recipes. Ideal for households, bakeries, restaurants, and food service operators seeking quality and value."
MGFL50,Mamagold Flour 50kg,Ball food,52000,50000,,0,100,"Mamagold Flour 50kg is high-quality flour milled from carefully selected grains for baking, cooking, and food preparation. It offers excellent texture, consistent performance, and dependable results for bread, pastries, snacks, and other recipes. Ideal for households, bakeries, restaurants, and food service operators seeking quality and value."
MGSMN10,Mamagold Semolina 10kg,Ball food,14000,10000,,0,100,"Mamagold Semolina 10kg is a premium semolina meal made from carefully selected durum wheat. It delivers a smooth texture, great taste, and consistent quality for preparing swallow meals such as semovita. Rich in energy, easy to prepare, and suitable for homes, restaurants, and catering businesses. Packed for freshness and reliable value."
MGSMN5,Mamagold Semolina 5kg,Ball food,7100,5000,,0,100,"Mamagold Semolina 5kg is a premium semolina meal made from carefully selected durum wheat. It delivers a smooth texture, great taste, and consistent quality for preparing swallow meals such as semovita. Rich in energy, easy to prepare, and suitable for homes, restaurants, and catering businesses. Packed for freshness and reliable value."
MGSMN2,Mamagold Semolina 2kg x 5,Ball food,14300,10000,,0,100,"Mamagold Semolina 2kg x 5 is a premium semolina meal made from carefully selected durum wheat. It delivers a smooth texture, great taste, and consistent quality for preparing swallow meals such as semovita. Rich in energy, easy to prepare, and suitable for homes, restaurants, and catering businesses. Packed for freshness and reliable value."
MGSMN1,Mamagold Semolina 1kg x 10,Ball food,14300,10000,,0,100,"Mamagold Semolina 1kg x 10 is a premium semolina meal made from carefully selected durum wheat. It delivers a smooth texture, great taste, and consistent quality for preparing swallow meals such as semovita. Rich in energy, easy to prepare, and suitable for homes, restaurants, and catering businesses. Packed for freshness and reliable value."
GPF50,Golden Penny Flour 50kg,Ball food,52000,50000,,0,200,"Golden Penny Flour 50kg is high-quality flour milled from carefully selected grains for baking, cooking, and food preparation. It offers excellent texture, consistent performance, and dependable results for bread, pastries, snacks, and other recipes. Ideal for households, bakeries, restaurants, and food service operators seeking quality and value."
GPF1,Golden Penny Flour 1kg by 10,Ball food,15000,10000,,0,20,"Golden Penny Flour 1kg by 10 is high-quality flour milled from carefully selected grains for baking, cooking, and food preparation. It offers excellent texture, consistent performance, and dependable results for bread, pastries, snacks, and other recipes. Ideal for households, bakeries, restaurants, and food service operators seeking quality and value."
GPSV1O,Golden Penny Semovita 10kg,Ball food,14210,10000,,0,200,"Golden Penny Semovita 10kg is a premium semolina meal made from carefully selected durum wheat. It delivers a smooth texture, great taste, and consistent quality for preparing swallow meals such as semovita. Rich in energy, easy to prepare, and suitable for homes, restaurants, and catering businesses. Packed for freshness and reliable value."
GPSV5,Golden Penny Semovita 5kg,Ball food,7180,5000,,0,300,"Golden Penny Semovita 5kg is a premium semolina meal made from carefully selected durum wheat. It delivers a smooth texture, great taste, and consistent quality for preparing swallow meals such as semovita. Rich in energy, easy to prepare, and suitable for homes, restaurants, and catering businesses. Packed for freshness and reliable value."
GPSV2,Golden Penny Semovita 2kg x 5,Ball food,14530,10000,,0,200,"Golden Penny Semovita 2kg x 5 is a premium semolina meal made from carefully selected durum wheat. It delivers a smooth texture, great taste, and consistent quality for preparing swallow meals such as semovita. Rich in energy, easy to prepare, and suitable for homes, restaurants, and catering businesses. Packed for freshness and reliable value."
GPSV1O-2,Golden Penny Semovita 1kg x 10,Ball food,14680,10000,,0,200,"Golden Penny Semovita 1kg x 10 is a premium semolina meal made from carefully selected durum wheat. It delivers a smooth texture, great taste, and consistent quality for preparing swallow meals such as semovita. Rich in energy, easy to prepare, and suitable for homes, restaurants, and catering businesses. Packed for freshness and reliable value."
GPSV500,Golden Penny semovita 500g x 20,Ball food,14730,10000,,0,100,"Golden Penny semovita 500g x 20 is a premium semolina meal made from carefully selected durum wheat. It delivers a smooth texture, great taste, and consistent quality for preparing swallow meals such as semovita. Rich in energy, easy to prepare, and suitable for homes, restaurants, and catering businesses. Packed for freshness and reliable value."
GPSPF20,Golden Penny Spaghetti 500g x 20 (Pack),Pasta,18400,10000,,0,500,"Golden Penny Spaghetti by 20 is a quality pasta product made from premium wheat for a delicious and satisfying meal. It cooks evenly, maintains a firm texture, and pairs perfectly with a variety of sauces, vegetables, meats, and seafood. Suitable for homes, restaurants, and catering services looking for convenient and nutritious meal options."
GPMT500,Golden Penny Pasta Twist 500g  x 20 (Carton),Pasta,18200,10000,,0,200,"Golden Penny Pasta Twist (Big) by 20 is a quality pasta product made from premium wheat for a delicious and satisfying meal. It cooks evenly, maintains a firm texture, and pairs perfectly with a variety of sauces, vegetables, meats, and seafood. Suitable for homes, restaurants, and catering services looking for convenient and nutritious meal options."
GPMT200,Golden Penny Pasta Twist 200g x 20 (Carton),Pasta,8950,4000,,0,100,"Golden Penny Pasta Twist (Small) by 20 is a quality pasta product made from premium wheat for a delicious and satisfying meal. It cooks evenly, maintains a firm texture, and pairs perfectly with a variety of sauces, vegetables, meats, and seafood. Suitable for homes, restaurants, and catering services looking for convenient and nutritious meal options."
GPSPTN20,Golden Penny Spaghettini 500g x 20 (Pack),Pasta,18400,10000,,0,400,"Golden Penny Spaghettini (slim) by 20 is a quality pasta product made from premium wheat for a delicious and satisfying meal. It cooks evenly, maintains a firm texture, and pairs perfectly with a variety of sauces, vegetables, meats, and seafood. Suitable for homes, restaurants, and catering services looking for convenient and nutritious meal options."
CRSPFAT20,Crown Spaghetti fat 500g x 20 (Pack),Pasta,17600,10000,,0,100,"Crown Spaghetti fat x 20 is a quality pasta product made from premium wheat for a delicious and satisfying meal. It cooks evenly, maintains a firm texture, and pairs perfectly with a variety of sauces, vegetables, meats, and seafood. Suitable for homes, restaurants, and catering services looking for convenient and nutritious meal options."
CRSPSLIM20,Crown Spaghetti Slim 500g x 20 (Pack),Pasta,17600,10000,,0,100,"Crown Spaghetti Slim by 20 is a quality pasta product made from premium wheat for a delicious and satisfying meal. It cooks evenly, maintains a firm texture, and pairs perfectly with a variety of sauces, vegetables, meats, and seafood. Suitable for homes, restaurants, and catering services looking for convenient and nutritious meal options."
MMSPGFAT20,Mamapride Spaghetti fat 500g x 20 (Pack),Pasta,15300,10000,,0,100,"Mamapride Spaghetti Fat by 20 is a quality pasta product made from premium wheat for a delicious and satisfying meal. It cooks evenly, maintains a firm texture, and pairs perfectly with a variety of sauces, vegetables, meats, and seafood. Suitable for homes, restaurants, and catering services looking for convenient and nutritious meal options."
MMSPGSLIM20,Mamapride Spaghetti Slim 500g x 20 (Pack),Pasta,15300,10000,,0,100,"Mamapride Spaghetti Slim by 20 is a quality pasta product made from premium wheat for a delicious and satisfying meal. It cooks evenly, maintains a firm texture, and pairs perfectly with a variety of sauces, vegetables, meats, and seafood. Suitable for homes, restaurants, and catering services looking for convenient and nutritious meal options."
GPSS250,Golden penny Granulated White Sugar 250g x 40,Sugar,15200,10000,,0,200,"Golden penny Sachet Sugar 250g  is refined sugar processed to deliver clean sweetness and consistent quality. Perfect for beverages, baking, desserts, confectionery, and food production. The fine crystals dissolve easily, making it suitable for both household and commercial use. Hygienically packed to maintain freshness and convenience."
GPSS500,Golden penny Granulated White Sugar 500g x 20,Sugar,15200,10000,,0,200,"Golden penny Sachet Sugar 500g x 20 is refined sugar processed to deliver clean sweetness and consistent quality. Perfect for beverages, baking, desserts, confectionery, and food production. The fine crystals dissolve easily, making it suitable for both household and commercial use. Hygienically packed to maintain freshness and convenience."
GPSS1K,Golden penny Granulated White Sugar 1kg x 10,Sugar,15200,10000,,0,300,"Golden penny Sachet Sugar 1kg x 10 is refined sugar processed to deliver clean sweetness and consistent quality. Perfect for beverages, baking, desserts, confectionery, and food production. The fine crystals dissolve easily, making it suitable for both household and commercial use. Hygienically packed to maintain freshness and convenience."
GPCS50,Golden Penny White Cube sugar 500g x 50,Sugar,52500,25000,,0,20,"Golden Penny cube sugar x 50 is refined sugar processed to deliver clean sweetness and consistent quality. Perfect for beverages, baking, desserts, confectionery, and food production. The fine crystals dissolve easily, making it suitable for both household and commercial use. Hygienically packed to maintain freshness and convenience."
DGSG50K,Dangote Granulated White Sugar 50kg,Sugar,67200,50000,,0,150,"Dangote Sugar 50kg is refined sugar processed to deliver clean sweetness and consistent quality. Perfect for beverages, baking, desserts, confectionery, and food production. The fine crystals dissolve easily, making it suitable for both household and commercial use. Hygienically packed to maintain freshness and convenience."
DGSS250,Dangote Granulated White Sugar 250g by 40,Sugar,15000,10000,,0,300,"Dangote Sachet Sugar 250g by 40 is refined sugar processed to deliver clean sweetness and consistent quality. Perfect for beverages, baking, desserts, confectionery, and food production. The fine crystals dissolve easily, making it suitable for both household and commercial use. Hygienically packed to maintain freshness and convenience."
DGSS500,Dangote Granulated WhiteSugar 500g by 20,Sugar,15000,10000,,0,400,"Dangote Sachet Sugar 500g by 20 is refined sugar processed to deliver clean sweetness and consistent quality. Perfect for beverages, baking, desserts, confectionery, and food production. The fine crystals dissolve easily, making it suitable for both household and commercial use. Hygienically packed to maintain freshness and convenience."
DGSS1K,Dangote Granulated White Sugar 1kg by 10,Sugar,15000,10000,,0,500,"Dangote Sachet Sugar 1kg by 10 is refined sugar processed to deliver clean sweetness and consistent quality. Perfect for beverages, baking, desserts, confectionery, and food production. The fine crystals dissolve easily, making it suitable for both household and commercial use. Hygienically packed to maintain freshness and convenience."
CUTOS,Cotonou Sugar 50kg,Sugar,64000,50000,,0,20,"Cotonou Sugar is refined sugar processed to deliver clean sweetness and consistent quality. Perfect for beverages, baking, desserts, confectionery, and food production. The fine crystals dissolve easily, making it suitable for both household and commercial use. Hygienically packed to maintain freshness and convenience."
JSB15K,Jubi Margarine 15kg (Carton),Butter,34200,15000,,0,50,"Jubi Sachet butter 15kg is a creamy spread that adds rich taste and smooth texture to bread, pastries, snacks, and recipes. Ideal for breakfast, baking, and food preparation. It spreads easily and delivers consistent quality, making it suitable for households, bakeries, restaurants, and confectionery businesses."
JSB250,Jubi Margarine 250g x 60 (Carton),Butter,41500,15000,,0,50,"Jubi Sachet butter x 60 is a creamy spread that adds rich taste and smooth texture to bread, pastries, snacks, and recipes. Ideal for breakfast, baking, and food preparation. It spreads easily and delivers consistent quality, making it suitable for households, bakeries, restaurants, and confectionery businesses."
GPSPB450,Golden penny Bread Spread 450g x 12 (Carton),Butter,14500,5400,,0,100,"Golden penny Spread Butter 450g  is a creamy spread that adds rich taste and smooth texture to bread, pastries, snacks, and recipes. Ideal for breakfast, baking, and food preparation. It spreads easily and delivers consistent quality, making it suitable for households, bakeries, restaurants, and confectionery businesses."
GPSPB250,Golden penny  Bread Spread  250g x 24 (Carton),Butter,18500,6000,,0,100,"Golden penny Spread Butter 250g by 24 is a creamy spread that adds rich taste and smooth texture to bread, pastries, snacks, and recipes. Ideal for breakfast, baking, and food preparation. It spreads easily and delivers consistent quality, making it suitable for households, bakeries, restaurants, and confectionery businesses."
GPSPB900,Golden penny  Bread Spread  900g x 6 (Carton),Butter,13500,5400,,0,100,"Golden penny Spread Butter 900g is a creamy spread that adds rich taste and smooth texture to bread, pastries, snacks, and recipes. Ideal for breakfast, baking, and food preparation. It spreads easily and delivers consistent quality, making it suitable for households, bakeries, restaurants, and confectionery businesses."
MMDSP250,Mamador  Bread spread 250g by 24 (Carton),Butter,18200,6000,,0,5,"Mamador spread 250g by 24 is a creamy spread that adds rich taste and smooth texture to bread, pastries, snacks, and recipes. Ideal for breakfast, baking, and food preparation. It spreads easily and delivers consistent quality, making it suitable for households, bakeries, restaurants, and confectionery businesses."
MMDSP450,Mamador  Bread spread 450g by 12 (Carton),Butter,26100,5400,,0,5,"Mamador spread 450g by 12 is a creamy spread that adds rich taste and smooth texture to bread, pastries, snacks, and recipes. Ideal for breakfast, baking, and food preparation. It spreads easily and delivers consistent quality, making it suitable for households, bakeries, restaurants, and confectionery businesses."
KGSP250,Kings  Bread spread 250g by 24 (Carton),Butter,17600,6000,,0,5,"Kings spread 250g by 24 is a creamy spread that adds rich taste and smooth texture to bread, pastries, snacks, and recipes. Ideal for breakfast, baking, and food preparation. It spreads easily and delivers consistent quality, making it suitable for households, bakeries, restaurants, and confectionery businesses."
KGSP450,Kings Bread spread 450g by 12 (Carton),Butter,25300,5400,,0,5,"Kings spread 450g by 12 is a creamy spread that adds rich taste and smooth texture to bread, pastries, snacks, and recipes. Ideal for breakfast, baking, and food preparation. It spreads easily and delivers consistent quality, making it suitable for households, bakeries, restaurants, and confectionery businesses."
KGSB250,Kings Cooking Margarine 250g by 60 (Carton),Butter,44550,15000,,0,150,"Kings Cooking Margarine 250g by 60 is a creamy spread that adds rich taste and smooth texture to bread, pastries, snacks, and recipes. Ideal for breakfast, baking, and food preparation. It spreads easily and delivers consistent quality, making it suitable for households, bakeries, restaurants, and confectionery businesses."
TPBT10,Topper Margarine bucket 10kg,Butter,59500,10000,,0,20,"Topper Butter 10kg is a creamy spread that adds rich taste and smooth texture to bread, pastries, snacks, and recipes. Ideal for breakfast, baking, and food preparation. It spreads easily and delivers consistent quality, making it suitable for households, bakeries, restaurants, and confectionery businesses."
TARBU10,Taroona Butter 10kg,Butter,48500,10000,,0,20,"Taroona Butter is a highly sought-after European-style baking fat widely favored by Nigerian bakers for its creamy texture, milky aroma, and ability to prevent yellow hues in buttercream icings"
TISA50,Titus Sardine 155g x 50 (Carton),Canned Food,7400,6250,,0,1000,"Titus Sardine is a premium canned fish product packed with high-quality mackerel in rich tomato sauce. Known for its great taste, nutritional value, and convenience, it is ideal for preparing rice dishes, sandwiches, stews, sauces, and quick family meals. A rich source of protein and essential nutrients."
GMKRL50,Geisha Mackerel 155g x 50 (Carton),Canned Food,39000,7750,,0,200,"Geisha Mackerel is a premium canned fish product packed with high-quality mackerel in rich tomato sauce. Known for its great taste, nutritional value, and convenience, it is ideal for preparing rice dishes, sandwiches, stews, sauces, and quick family meals. A rich source of protein and essential nutrients."
GMKRLB50,Geisha Mackerel 425 x 50 (Carton),Canned Food,49000,21250,,0,50,"Geisha Mackerel is a premium canned fish product packed with high-quality mackerel in rich tomato sauce. Known for its great taste, nutritional value, and convenience, it is ideal for preparing rice dishes, sandwiches, stews, sauces, and quick family meals. A rich source of protein and essential nutrients."
DMNSAR5,De'Manna Sardine 125g x 50 (Carton),Canned Food,40000,6250,,0,0,"DeManna Sardine is made from carefully selected sardines packed in rich tomato sauce for a delicious and satisfying taste. Ideal for breakfast, snacks, sandwiches, and meal preparation, it provides a convenient source of protein for the whole family."
FVSTSAR5,Five Star Sardine 125g x 50 (Carton),Canned Food,40500,6250,,0,100,"Five Star Sardine combines quality sardines with a rich tomato sauce to create a flavorful and nutritious meal option. Suitable for home use, restaurants, and food vendors, it is perfect for quick and tasty meals."
CSTSAR5,Costa Sardine 125g x 50 (Carton),Canned Food,41000,6250,,0,100,"Costa Sardine is a delicious canned fish product offering quality sardines in savory tomato sauce. It is ideal for sandwiches, rice dishes, pastries, and a variety of everyday meals, delivering taste and convenience."
VALCSAR5,Vallencia Sardine 125g x 50 (Carton),Canned Food,39500,6250,,0,100,"Vallencia Sardine provides premium-quality sardines carefully packed in rich tomato sauce. Its great taste and nutritional benefits make it an excellent choice for family meals, snacks, and food preparation."
BLPLSAR5,Blue Pearl Sardine 125g x 50 (Carton),Canned Food,41000,6250,,0,100,"Blue Pearl Sardine is a nutritious canned fish product known for its delicious flavor and quality ingredients. Perfect for breakfast, sandwiches, snacks, and cooking, it offers a convenient source of protein and essential nutrients."
ALDYSAR5,All day Sardine 125g x 50 (Carton),Canned Food,41000,6250,,0,100,"All Day Sardine delivers tasty and wholesome sardines in rich tomato sauce. Suitable for various meal occasions, it provides a quick, convenient, and nutritious food option for homes and food service businesses."
CPSAR5,Cinpak Sardine 125g x 50 (Carton),Canned Food,41000,6250,,0,100,"Cinpak Sardine is packed with quality sardines and flavorful tomato sauce to provide a delicious and satisfying meal experience. Ideal for home cooking, snacks, sandwiches, and catering purposes."
PRNSAR,Prince Sardine 125g x 50 (Carton),Canned Food,48000,6250,,0,100,"Prince Sardine offers premium-quality sardines with rich flavor and nutritional value. Convenient and easy to prepare, it is perfect for quick meals, sandwiches, pastries, and family recipes."
MGRSAR5,Mangrove  Sardine 125g x 50 (Carton),Canned Food,39000,6250,,0,700,"Mangrove Sardine is made from carefully selected sardines packed in rich  vegetable oil for a delicious and nutritious meal option. It is suitable for breakfast, snacks, rice dishes, and a variety of everyday recipes."
MGRMKR5,Mangrove Mackerel  155g x 50 (Carton),Canned Food,33500,7750,,0,100,"Mangrove Mackerel contains premium-quality mackerel in flavorful tomato sauce, providing a rich source of protein and essential nutrients. Ideal for family meals, stews, rice dishes, and quick meal preparation."
MGRSTC340,Mangrove sweet corn 340g x 12 (Carton),Canned Food,9500,4080,,0,100,"Mangrove Sweet Corn is packed with tender, naturally sweet corn kernels carefully preserved to maintain freshness and flavor. Perfect for salads, soups, rice dishes, stir-fries, and side dishes, it adds taste, color, and nutrition to meals."
MGRSTC184,Mangrove Sweet corn 184g x 24 (Carton),Canned Food,12000,4420,,0,100,"Mangrove Sweet Corn is packed with tender, naturally sweet corn kernels carefully preserved to maintain freshness and flavor. Perfect for salads, soups, rice dishes, stir-fries, and side dishes, it adds taste, color, and nutrition to meals."
MGRBB400,Mangrove baked beans 400g x 12 (Carton),Canned Food,12500,4800,,0,100,"Mangrove Baked Beans are prepared from quality beans cooked in a rich and flavorful tomato sauce. A nutritious and convenient meal option, they are ideal for breakfast, side dishes, and quick family meals."
MGRRKB400,Mangrove red kidney beans 400g x 12 (Carton),Canned Food,13000,4800,,0,100,"Mangrove Red Kidney Beans are carefully selected and cooked for convenience and quality. Rich in protein and fiber, they are perfect for soups, stews, salads, rice dishes, and healthy meal preparations."
MGRGPB538,Mangrove  green peas 538g x 12 (Carton),Canned Food,13700,6460,,0,100,"Mangrove Green Peas contain tender, wholesome peas preserved to retain their freshness and nutritional value. They are ideal for fried rice, salads, soups, stews, and a variety of local and continental dishes."
MGRGPS300,Mangrove  green peas 300g x 12 (Carton),Canned Food,9400,3600,,0,100,"Mangrove Green Peas contain tender, wholesome peas preserved to retain their freshness and nutritional value. They are ideal for fried rice, salads, soups, stews, and a variety of local and continental dishes."
AYOPY18,Ayoola Poundo Yam flour 1.8kg x 10 (Carton),Ball food,65200,18000,,0,500,"Ayoola Poundo Yam Flour is made from carefully processed yam to produce smooth, lump-free pounded yam with excellent texture and taste. Easy to prepare, it is ideal for serving with a variety of Nigerian soups."
AYOPY09,Ayoola Poundo Yam flour 0.9kg x 20 (Carton),Ball food,65200,18000,,0,500,"Ayoola Poundo Yam Flour is made from carefully processed yam to produce smooth, lump-free pounded yam with excellent texture and taste. Easy to prepare, it is ideal for serving with a variety of Nigerian soups."
AYOPY45,Ayoola Poundo Yam flour 4.5kg x 4 (Carton),Ball food,65200,18000,,0,500,"Ayoola Poundo Yam Flour is made from carefully processed yam to produce smooth, lump-free pounded yam with excellent texture and taste. Easy to prepare, it is ideal for serving with a variety of Nigerian soups."
AYOPY450G,Ayoola Poundo Yam flour 450g x 20 (Carton),Ball food,65200,9000,,0,300,"Ayoola Poundo Yam Flour is made from carefully processed yam to produce smooth, lump-free pounded yam with excellent texture and taste. Easy to prepare, it is ideal for serving with a variety of Nigerian soups."
AYOYF18,Ayoola Yam Flour 1.8kg x 10 (Carton),Ball food,56200,18000,,0,500,Ayoola Yam Flour is produced from carefully selected yam tubers and is ideal for preparing smooth and satisfying amala. It delivers authentic taste and excellent texture with every meal.
AYOYF09,Ayoola Yam Flour 0.9kg x 20 (Carton),Ball food,56200,18000,,0,100,Ayoola Yam Flour is produced from carefully selected yam tubers and is ideal for preparing smooth and satisfying amala. It delivers authentic taste and excellent texture with every meal.
AYOPF18,Ayoola Plantain Flour 1.8kg x 10 (Carton),Ball food,65200,18000,,0,100,Ayoola Plantain Flour is made from high-quality plantains and can be used to prepare nutritious swallow meals. It is a healthy alternative suitable for various dietary preferences.
AYOPF09,Ayoola Plantain Flour 0.9kg x 20 (Carton),Ball food,65200,18000,,0,100,Ayoola Plantain Flour is made from high-quality plantains and can be used to prepare nutritious swallow meals. It is a healthy alternative suitable for various dietary preferences.
AYORF18,Ayoola Rice Flour 1.8kg x 10 (Carton),Ball food,55200,18000,,0,50,"Ayoola Rice Flour is a finely milled flour made from quality rice grains. It is suitable for swallow preparation, baking, thickening soups, and various culinary applications."
AYORF09,Ayoola Rice Flour 0.9kg x 20 (Carton),Ball food,55200,18000,,0,50,"Ayoola Rice Flour is a finely milled flour made from quality rice grains. It is suitable for swallow preparation, baking, thickening soups, and various culinary applications."
AYOCF18,Ayoola Cassava Flour (Fufu) 1.8kg x 10 (Carton),Ball food,55200,18000,,0,20,"Ayoola Cassava Flour (Fufu) is carefully processed to deliver smooth, delicious fufu with excellent texture and consistency. Easy to prepare and ideal for pairing with a wide range of soups."
AYOCF09,Ayoola Cassava Flour (Fufu) 0.9kg x 20 (Carton),Ball food,55200,18000,,0,20,"Ayoola Cassava Flour (Fufu) is carefully processed to deliver smooth, delicious fufu with excellent texture and consistency. Easy to prepare and ideal for pairing with a wide range of soups."
AYOPF09-2,Ayoola Potato Flour 0.9kg x 10 (Carton),Ball food,60200,9000,,0,20,"Ayoola Potato Flour is a versatile flour made from quality potatoes. It can be used for swallow preparation, baking, thickening, and various food applications while delivering excellent texture and taste."
AYOBF09,Ayoola Beans Flour 0.9kg x 20 (Carton),Ball food,75200,18000,,0,20,"Ayoola Beans Flour is produced from carefully selected beans and is ideal for making moi moi, akara, bean cakes, and other nutritious meals. It saves preparation time while ensuring quality and convenience."
OLAPY226,Ola-ola Poundo yam flour 2.267 x 8 (Carton),Ball food,175500,18140,,0,100,"Ola-Ola Poundo Yam Flour is a premium-quality flour designed to produce smooth, stretchy, and delicious pounded yam. Easy to prepare and ideal for serving with traditional soups."
OLAPY09,Ola-ola Poundo yam flour 0.907kg x 20 (Carton),Ball food,181000,18000,,0,50,"Ola-Ola Poundo Yam Flour is a premium-quality flour designed to produce smooth, stretchy, and delicious pounded yam. Easy to prepare and ideal for serving with traditional soups."
OLAPY45,Ola-ola Poundo yam flour 4.535kg x 4 (Carton),Ball food,175500,18000,,0,50,"Ola-Ola Poundo Yam Flour is a premium-quality flour designed to produce smooth, stretchy, and delicious pounded yam. Easy to prepare and ideal for serving with traditional soups."
ORIPY09,Oriola Poundo yam flour 0.9kg x 12 (Carton),Ball Food,34000,10800,,0,50,"Oriola Poundo Yam Flour is made from carefully processed yam to produce smooth, lump-free pounded yam with excellent taste and texture. Quick to prepare and ideal for traditional Nigerian meals."
ORIRF09,Oriola Ground rIce flour 0.9kg x 12 (Carton),Ball Food,33000,10800,,0,10,"Oriola Rice Flour is finely milled from quality rice grains and is suitable for swallow preparation, baking, thickening, and a variety of culinary uses. It offers consistency, quality, and convenience."
ORIPF09,Oriola Plantain flour 0.9kg x 12,Ball Food,46000,10800,,0,10,"Oriola Plantain Flour is produced from carefully selected plantains and provides a nutritious, delicious, and versatile meal option. Ideal for swallow preparation and healthy everyday meals."
MCS80,Mr Chef salt 250g x 80,Salt,8400,20000,,0,400,"Mr Chef Salt is a high-quality refined table salt designed to enhance the flavor of everyday meals. Carefully processed for purity and consistency, it dissolves easily and is suitable for cooking, baking, seasoning, and food preparation. Its convenient 250g pack makes it ideal for households, restaurants, and retail outlets seeking quality and value."
MCS40,Mr Chef salt 500g x 40,Salt,8100,20000,,0,500,"Mr Chef Salt is a high-quality refined table salt designed to enhance the flavor of everyday meals. Carefully processed for purity and consistency, it dissolves easily and is suitable for cooking, baking, seasoning, and food preparation. Its convenient 250g pack makes it ideal for households, restaurants, and retail outlets seeking quality and value."
MCS20,Mr Chef salt 1kg x 20,Salt,7800,20000,,0,600,"Mr Chef Salt is a high-quality refined table salt designed to enhance the flavor of everyday meals. Carefully processed for purity and consistency, it dissolves easily and is suitable for cooking, baking, seasoning, and food preparation. Its convenient 250g pack makes it ideal for households, restaurants, and retail outlets seeking quality and value."
DSLT50,Dangote Refined Salt 50kg,Salt,17800,50000,,0,50,"Dangote Refined Salt is a premium food-grade salt produced to meet high standards of quality and purity. It is suitable for domestic, commercial, and industrial food applications, including cooking, food processing, baking, and catering services. The 50kg bulk pack is ideal for restaurants, bakeries, food manufacturers, caterers, and large-scale food businesses requiring a reliable supply of refined salt."
DCCSA12,Dano Cool Cow Milk Powder sachets 12g x 260 (Carton),Dairy,32850,3120,,0,1500,"Dano Cool Cow Milk Powder is a nutritious and affordable milk powder made from quality dairy ingredients. It delivers a creamy taste and essential nutrients that support a balanced diet for the entire family. Suitable for drinking, cereals, beverages, baking, and cooking, it dissolves easily and provides great value for households, hotels, restaurants, and food service operators."
DCCRF320,Dano Cool Cow Milk Powder 320g x 12 RF (Carton),Dairy,36570,3840,,0,1000,"Dano Cool Cow Milk Powder is a nutritious and affordable milk powder made from quality dairy ingredients. It delivers a creamy taste and essential nutrients that support a balanced diet for the entire family. Suitable for drinking, cereals, beverages, baking, and cooking, it dissolves easily and provides great value for households, hotels, restaurants, and food service operators."
DCCRF750,Dano Cool Cow Milk Powder 750g X 12 RF (Carton),Dairy,79000,9000,,0,800,"Dano Cool Cow Milk Powder is a nutritious and affordable milk powder made from quality dairy ingredients. It delivers a creamy taste and essential nutrients that support a balanced diet for the entire family. Suitable for drinking, cereals, beverages, baking, and cooking, it dissolves easily and provides great value for households, hotels, restaurants, and food service operators."
DCCRF2,Dano Cool Cow Milk Powder 2kg x 6 RF (Carton),Dairy,104000,12000,,0,300,"Dano Cool Cow Milk Powder is a nutritious and affordable milk powder made from quality dairy ingredients. It delivers a creamy taste and essential nutrients that support a balanced diet for the entire family. Suitable for drinking, cereals, beverages, baking, and cooking, it dissolves easily and provides great value for households, hotels, restaurants, and food service operators."
DCCPD25,Dano Cool Cow Milk Powder 25kg (Carton),Dairy,163500,25000,,0,20,"Dano Cool Cow Milk Powder is a nutritious and affordable milk powder made from quality dairy ingredients. It delivers a creamy taste and essential nutrients that support a balanced diet for the entire family. Suitable for drinking, cereals, beverages, baking, and cooking, it dissolves easily and provides great value for households, hotels, restaurants, and food service operators."
DFCSA12,Dano Full Cream Milk powder Sachets 12g by 210 (Carton),Dairy,33000,2520,,0,300,"Dano Full Cream Milk Powder is a premium dairy product known for its rich, creamy taste and high nutritional value. Packed with essential vitamins and minerals, it is ideal for preparing nutritious beverages, breakfast meals, desserts, and baked goods. Its smooth texture and delicious flavor make it a trusted choice for families, caterers, bakeries, and hospitality businesses."
DFCRF350,Dano  Full Cream Milk Powder 350g x 12 RF (Carton),Dairy,54500,4200,,0,300,"Dano Full Cream Milk Powder is a premium dairy product known for its rich, creamy taste and high nutritional value. Packed with essential vitamins and minerals, it is ideal for preparing nutritious beverages, breakfast meals, desserts, and baked goods. Its smooth texture and delicious flavor make it a trusted choice for families, caterers, bakeries, and hospitality businesses."
DFCRF800,Dano  Full Cream Milk powder 800g x 12 RF (Carton),Dairy,122000,9600,,0,200,"Dano Full Cream Milk Powder is a premium dairy product known for its rich, creamy taste and high nutritional value. Packed with essential vitamins and minerals, it is ideal for preparing nutritious beverages, breakfast meals, desserts, and baked goods. Its smooth texture and delicious flavor make it a trusted choice for families, caterers, bakeries, and hospitality businesses."
DFCRF2,Dano Full Cream Milk Powder 2kg x 6 RF (Carton),Dairy,152000,12000,,0,50,"Dano Full Cream Milk Powder is a premium dairy product known for its rich, creamy taste and high nutritional value. Packed with essential vitamins and minerals, it is ideal for preparing nutritious beverages, breakfast meals, desserts, and baked goods. Its smooth texture and delicious flavor make it a trusted choice for families, caterers, bakeries, and hospitality businesses."
DSLRF400,Dano Slim Milk Powder 400g x 12 rf (Carton),Dairy,62500,4800,,0,100,"Dano Slim Milk Powder is a low-fat milk option specially formulated for consumers seeking a lighter dairy choice without compromising on taste and nutrition. It provides essential nutrients, including protein and calcium, while maintaining a delicious creamy flavor. Ideal for tea, coffee, cereals, smoothies, and everyday beverages, it is a convenient and healthy choice for individuals and families."
DSLRF900,Dano Slim Milk Powder  900g x 12 rf (Carton),Dairy,129000,10800,,0,100,"Dano Slim Milk Powder is a low-fat milk option specially formulated for consumers seeking a lighter dairy choice without compromising on taste and nutrition. It provides essential nutrients, including protein and calcium, while maintaining a delicious creamy flavor. Ideal for tea, coffee, cereals, smoothies, and everyday beverages, it is a convenient and healthy choice for individuals and families."
AMDCSA45,Amaizing day cereal 45g x 100 (Carton),Cereal,17400,4500,,0,500,"Amaizing Day Cereal is a delicious and nutritious breakfast cereal made to provide a great start to the day. With its crunchy texture and enjoyable taste, it is perfect for children and adults alike. Best enjoyed with milk or as a quick snack, it offers convenience, energy, and nourishment for busy lifestyles."
AMDCRF600,Amaizing day Cereal 600g x 12 (Carton),Cereal,25000,7200,,0,500,"Amaizing Day Cereal is a delicious and nutritious breakfast cereal made to provide a great start to the day. With its crunchy texture and enjoyable taste, it is perfect for children and adults alike. Best enjoyed with milk or as a quick snack, it offers convenience, energy, and nourishment for busy lifestyles."
AOG5L,Active Gold Premium Oil 5ltrs by 4 (Carton),Oil,59000,18400,,0,30,"Active Gold Premium Oil is a premium-quality cooking oil carefully refined to deliver excellent taste and performance in the kitchen. Suitable for frying, baking, cooking, and food preparation, it offers a clean taste and helps create delicious meals for families, restaurants, and catering businesses."
KSO25L,kings soya oil 25ltr,Oil,71500,23000,,0,20,"Kings Soya Oil is a high-quality soybean oil produced from carefully selected soybeans. It is ideal for frying, cooking, baking, and large-scale food preparation, offering excellent stability, great taste, and reliable performance. The 25-litre pack is perfect for restaurants, bakeries, caterers, and food service operators."
KSO5L,kings soya oil 5ltr x 4 (Carton),Oil,57500,18400,,0,30,"Kings Soya Oil is a high-quality soybean oil produced from carefully selected soybeans. It is ideal for frying, cooking, baking, and large-scale food preparation, offering excellent stability, great taste, and reliable performance.."
KVO25L,kings vegetable oil 25ltr,Oil,63000,23000,,0,400,"Kings Vegetable Oil is a premium cooking oil designed for both domestic and commercial use. Its clean taste and versatility make it suitable for frying, sautéing, baking, and general cooking. The bulk 25-litre pack provides an economical solution for food businesses and large households."
KVO10L,Kings vegetable oil 10 litres,Oil,28600,9200,,0,200,"Kings Vegetable Oil is a premium cooking oil designed for both domestic and commercial use. Its clean taste and versatility make it suitable for frying, sautéing, baking, and general cooking."
KVO5L,Kings vegetable oil 5 litres by 4 (Carton),Oil,60000,18400,,0,300,"Kings Vegetable Oil is a premium cooking oil designed for both domestic and commercial use. Its clean taste and versatility make it suitable for frying, sautéing, baking, and general cooking"
KVO3L,Kings vegetable 3 litres by 6 (Carton),Oil,59600,16560,,0,150,"Kings Vegetable Oil is a premium cooking oil designed for both domestic and commercial use. Its clean taste and versatility make it suitable for frying, sautéing, baking, and general cooking"
KVO25L-2,Kings vegetable 2 litres by 6 (Carton),Oil,45000,11040,,0,200,"Kings Vegetable Oil is a premium cooking oil designed for both domestic and commercial use. Its clean taste and versatility make it suitable for frying, sautéing, baking, and general cooking"
KVO1L,Kings vegetable oil 1 litre by 12 (Carton),Oil,45000,11040,,0,12,"Kings Vegetable Oil is a premium cooking oil designed for both domestic and commercial use. Its clean taste and versatility make it suitable for frying, sautéing, baking, and general cooking"
SNLO19,Sunola Soya Oil 1.9litres x 8 (Carton),Oil,52500,13980,,0,10,"Sunola Soya Oil is a nutritious and versatile cooking oil made from quality soybeans. It is suitable for everyday cooking, frying, and baking, delivering excellent taste and consistent results. Its light texture and quality make it a preferred choice for healthy family meals."
SNLO27,Sunola soya Oil 2.7ltrs x 6 (Carton),Oil,53500,14900,,0,10,"Sunola Soya Oil is a nutritious and versatile cooking oil made from quality soybeans. It is suitable for everyday cooking, frying, and baking, delivering excellent taste and consistent results. Its light texture and quality make it a preferred choice for healthy family meals."
SNLO45,Sunola Soya Oil 4.5ltrs x 4 (Carton),Oil,58000,16930,,0,10,"Sunola Soya Oil is a nutritious and versatile cooking oil made from quality soybeans. It is suitable for everyday cooking, frying, and baking, delivering excellent taste and consistent results. Its light texture and quality make it a preferred choice for healthy family meals."
SNLO5,Sunola Soya Oil 5ltr x4 (Carton),Oil,64000,18400,,0,40,"Sunola Soya Oil is a nutritious and versatile cooking oil made from quality soybeans. It is suitable for everyday cooking, frying, and baking, delivering excellent taste and consistent results. Its light texture and quality make it a preferred choice for healthy family meals."
SNLO1L,Sunola Soya Oil 1ltrs x 12 (Carton),Oil,66000,11040,,0,10,"Sunola Soya Oil is a nutritious and versatile cooking oil made from quality soybeans. It is suitable for everyday cooking, frying, and baking, delivering excellent taste and consistent results. Its light texture and quality make it a preferred choice for healthy family meals."
LO5L,Laziz Pure Vegetable oil 5 litres x 4 (Carton),Oil,67000,18400,,0,70,"Laziz Pure Vegetable Oil is a high-quality cooking oil refined to provide excellent flavor and cooking performance. Ideal for frying, grilling, baking, and food preparation, it helps produce delicious meals while maintaining quality and consistency."
LO3L,Laziz Pure Vegetable oil 3ltrs x 6 (Carton),Oil,62000,16560,,0,50,"Laziz Pure Vegetable Oil is a high-quality cooking oil refined to provide excellent flavor and cooking performance. Ideal for frying, grilling, baking, and food preparation, it helps produce delicious meals while maintaining quality and consistency."
LO750,Laziz Pure Vegetable oil 750ml x 12 (carton),Oil,32500,8280,,0,50,"Laziz Pure Vegetable Oil is a high-quality cooking oil refined to provide excellent flavor and cooking performance. Ideal for frying, grilling, baking, and food preparation, it helps produce delicious meals while maintaining quality and consistency."
LO1L,Laziz Pure Vegetable oil 1ltr x 12(carton),Oil,42500,11040,,0,50,"Laziz Pure Vegetable Oil is a high-quality cooking oil refined to provide excellent flavor and cooking performance. Ideal for frying, grilling, baking, and food preparation, it helps produce delicious meals while maintaining quality and consistency."
LO1.6,Laziz Pure Vegetable oil 1.6ltrs x 6 (carton),Oil,34000,8460,,0,50,"Laziz Pure Vegetable Oil is a high-quality cooking oil refined to provide excellent flavor and cooking performance. Ideal for frying, grilling, baking, and food preparation, it helps produce delicious meals while maintaining quality and consistency."
LOP5,Laziz premium Vegetable Oil 5ltrs x 4 (carton),Oil,66000,18400,,0,50,"Laziz oil premium 5ltrs x 4 is a premium cooking oil refined for everyday frying, cooking, and food preparation. It offers a clean taste, excellent frying performance, and reliable quality. Rich in essential nutrients and suitable for homes, restaurants, bakeries, and food service businesses seeking value and consistency."
POLS1L,Power oil lite soya 1ltr x 12 (carton),Oil,47000,11040,,0,5,"Power Oil Lite Soya is a cholesterol-free soybean oil enriched to support a healthy lifestyle. Known for its light texture and quality, it is ideal for frying, cooking, and salad preparations. It provides great taste while helping families make healthier food choices."
POLS3L,Power oil lite soya 3ltr x 6 (carton),Oil,70000,16560,,0,5,"Power Oil Lite Soya is a cholesterol-free soybean oil enriched to support a healthy lifestyle. Known for its light texture and quality, it is ideal for frying, cooking, and salad preparations. It provides great taste while helping families make healthier food choices."
PO14,Power Vegetable oil 1.4ltrs x 8 (carton),Oil,44500,11200,,0,50,"Power Vegetable Oil is a premium cooking oil designed to deliver excellent frying and cooking results. Its clean taste and versatility make it suitable for everyday meal preparation, ensuring delicious and satisfying dishes for the entire family."
PO75,Power Vegetable oil 75cl x 12 (carton),Oil,35700,9000,,0,50,"Power Vegetable Oil is a premium cooking oil designed to deliver excellent frying and cooking results. Its clean taste and versatility make it suitable for everyday meal preparation, ensuring delicious and satisfying dishes for the entire family."
PO26,Power Vegetable oil 2.6ltres x 8 (carton),Oil,77050,19120,,0,50,"Power Vegetable Oil is a premium cooking oil designed to deliver excellent frying and cooking results. Its clean taste and versatility make it suitable for everyday meal preparation, ensuring delicious and satisfying dishes for the entire family."
PO45,Power Vegetable Oil 4.5litres x 4 (carton),Oil,54000,16560,,0,50,"Power Vegetable Oil is a premium cooking oil designed to deliver excellent frying and cooking results. Its clean taste and versatility make it suitable for everyday meal preparation, ensuring delicious and satisfying dishes for the entire family."
POSA45,Power Vegetable oil sachet 45ml x 96 (carton),Oil,17000,3970,,0,1000,"Power Vegetable Oil is a premium cooking oil designed to deliver excellent frying and cooking results. Its clean taste and versatility make it suitable for everyday meal preparation, ensuring delicious and satisfying dishes for the entire family."
POSA110,PowerVegetable oil sachet 110ml x 40 (carton),Oil,17300,4000,,0,300,"Power Vegetable Oil is a premium cooking oil designed to deliver excellent frying and cooking results. Its clean taste and versatility make it suitable for everyday meal preparation, ensuring delicious and satisfying dishes for the entire family."
MADO900,Mamador Vegetable Oil 900ml x 12 (carton),Oil,41900,9940,,0,30,"Mamador Vegetable Oil is one of Nigeria's trusted cooking oil brands, known for its quality, purity, and great taste. It is ideal for frying, cooking, baking, and preparing a variety of local and continental dishes. Its versatility makes it a kitchen essential for homes and food businesses."
MADO35,Mamador Vegetable Oil 3.5ltr x 4 (carton),Oil,50500,12880,,0,50,"Mamador Vegetable Oil is one of Nigeria's trusted cooking oil brands, known for its quality, purity, and great taste. It is ideal for frying, cooking, baking, and preparing a variety of local and continental dishes. Its versatility makes it a kitchen essential for homes and food businesses."
MADO25,Mamador Vegetable Oil 2.5ltr x 4 (carton),Oil,35500,9200,,0,50,"Mamador Vegetable Oil is one of Nigeria's trusted cooking oil brands, known for its quality, purity, and great taste. It is ideal for frying, cooking, baking, and preparing a variety of local and continental dishes. Its versatility makes it a kitchen essential for homes and food businesses."
MADO15,Mamador Vegetable Oil  1.5ltr x 6 (carton),Oil,32800,8280,,0,40,"Mamador Vegetable Oil is one of Nigeria's trusted cooking oil brands, known for its quality, purity, and great taste. It is ideal for frying, cooking, baking, and preparing a variety of local and continental dishes. Its versatility makes it a kitchen essential for homes and food businesses."
GRND3,Grand Pure Soya Oil 3ltrs x 6 (carton),Oil,66900,16560,,0,10,"Grand Pure Soya Oil is a premium soybean oil produced from carefully selected soybeans to deliver quality nutrition and cooking performance. Suitable for frying, baking, and everyday meal preparation, it offers a light taste and reliable results."
GRND1,Grand  Pure Soya Oil 1ltr x 12 (carton),Oil,43700,11040,,0,10,"Grand Pure Soya Oil is a premium soybean oil produced from carefully selected soybeans to deliver quality nutrition and cooking performance. Suitable for frying, baking, and everyday meal preparation, it offers a light taste and reliable results."
GRND5,Grand  Pure Soya Oil 5ltr x 4 (carton),Oil,70200,18400,,0,10,"Grand Pure Soya Oil is a premium soybean oil produced from carefully selected soybeans to deliver quality nutrition and cooking performance. Suitable for frying, baking, and everyday meal preparation, it offers a light taste and reliable results."
GRND18,Grand  pure Soya oil 18ltrs,Oil,70300,16560,,0,5,"Grand Pure Soya Oil is a premium soybean oil produced from carefully selected soybeans to deliver quality nutrition and cooking performance. Suitable for frying, baking, and everyday meal preparation, it offers a light taste and reliable results."
GRND25,Grand oil 25ltrs,Oil,82700,23000,,0,10,"Grand Pure Soya Oil is a premium soybean oil produced from carefully selected soybeans to deliver quality nutrition and cooking performance. Suitable for frying, baking, and everyday meal preparation, it offers a light taste and reliable results."
GRND10,Grand oil 10lt,Oil,36000,9200,,0,5,"Grand Pure Soya Oil is a premium soybean oil produced from carefully selected soybeans to deliver quality nutrition and cooking performance. Suitable for frying, baking, and everyday meal preparation, it offers a light taste and reliable results."
TEOIL5,Golden Terra Soya oil 5ltr x4 (carton),Oil,60700,18400,,0,50,"Golden Terra Soya Oil is a high-quality soybean oil known for its purity, nutritional value, and versatility. Ideal for frying, cooking, baking, and food preparation, it helps create delicious meals while maintaining excellent cooking performance."
TEOIL3,GoldenTerra Soya oil 3ltr x 6 (carton),Oil,56000,16560,,0,50,"Golden Terra Soya Oil is a high-quality soybean oil known for its purity, nutritional value, and versatility. Ideal for frying, cooking, baking, and food preparation, it helps create delicious meals while maintaining excellent cooking performance."
TEOIL14,Golden Terra Soya oil 1.4ltr x 6 (carton),Oil,34000,7730,,0,50,"Golden Terra Soya Oil is a high-quality soybean oil known for its purity, nutritional value, and versatility. Ideal for frying, cooking, baking, and food preparation, it helps create delicious meals while maintaining excellent cooking performance."
TEOIL700,GoldenTerra Soya oil 700ml x 12 (carton),Oil,34000,7730,,0,30,"Golden Terra Soya Oil is a high-quality soybean oil known for its purity, nutritional value, and versatility. Ideal for frying, cooking, baking, and food preparation, it helps create delicious meals while maintaining excellent cooking performance."
TEOIL25,Golden Terra Soya oil 25ltr,Oil,62500,23000,,0,50,"Golden Terra Soya Oil is a high-quality soybean oil known for its purity, nutritional value, and versatility. Ideal for frying, cooking, baking, and food preparation, it helps create delicious meals while maintaining excellent cooking performance."
GPSOI1,Golden Penny soya oil 1ltr x12 (carton),Oil,45800,11040,,0,5,"Golden Penny Soya Oil is a premium soybean oil made from quality soybeans and carefully refined for purity and taste. It is suitable for everyday cooking, frying, and baking, offering excellent value and consistent quality for households and food businesses."
GPSOI750,Golden Penny soya oil 750ml x 12 (carton),Oil,31000,8280,,0,5,"Golden Penny Soya Oil is a premium soybean oil made from quality soybeans and carefully refined for purity and taste. It is suitable for everyday cooking, frying, and baking, offering excellent value and consistent quality for households and food businesses."
GPSOI27,Golden Penny soya oil 2.7ltr x6 (carton),Oil,51800,14900,,0,5,"Golden Penny Soya Oil is a premium soybean oil made from quality soybeans and carefully refined for purity and taste. It is suitable for everyday cooking, frying, and baking, offering excellent value and consistent quality for households and food businesses."
GPSOI5,Golden Penny soya oil 5ltr x 4 (carton),Oil,61600,18400,,0,5,"Golden Penny Soya Oil is a premium soybean oil made from quality soybeans and carefully refined for purity and taste. It is suitable for everyday cooking, frying, and baking, offering excellent value and consistent quality for households and food businesses."
GPSO4,Golden Penny Soya oil 4ltr x 6 (carton),Oil,73600,22100,,0,5,"Golden Penny veg oil 4ltr x 6 is a premium cooking oil refined for everyday frying, cooking, and food preparation. It offers a clean taste, excellent frying performance, and reliable quality. Rich in essential nutrients and suitable for homes, restaurants, bakeries, and food service businesses seeking value and consistency."
GPVO1,Golden Penny Vegetable oil 1ltr x12 (carton),Oil,28200,11040,,0,5,"Golden Penny Vegetable Oil is a versatile cooking oil designed to meet the needs of modern kitchens. It delivers great taste and reliable performance, making it suitable for frying, sautéing, baking, and a wide range of meal preparations."
GPVO75,Golden Penny Vegetable  oil 750ml x 12 (carton),Oil,17700,8280,,0,5,"Golden Penny Vegetable Oil is a versatile cooking oil designed to meet the needs of modern kitchens. It delivers great taste and reliable performance, making it suitable for frying, sautéing, baking, and a wide range of meal preparations."
GPVO27,Golden Penny Vegetable  oil 2.7ltr x6 (carton),Oil,38700,14900,,0,5,"Golden Penny Vegetable Oil is a versatile cooking oil designed to meet the needs of modern kitchens. It delivers great taste and reliable performance, making it suitable for frying, sautéing, baking, and a wide range of meal preparations."
GPVO5,Golden Penny Vegetable  oil 5ltr x 4 (carton),Oil,68100,18400,,0,5,"Golden Penny Vegetable Oil is a versatile cooking oil designed to meet the needs of modern kitchens. It delivers great taste and reliable performance, making it suitable for frying, sautéing, baking, and a wide range of meal preparations."
GPVO4,Golden Penny Vegetable  oil 4ltr x 6 (carton),Oil,87500,22100,,0,5,"Golden Penny Vegetable Oil is a versatile cooking oil designed to meet the needs of modern kitchens. It delivers great taste and reliable performance, making it suitable for frying, sautéing, baking, and a wide range of meal preparations."
OKBAN4,Okomu Banga Red Palm Oil 4ltr x 6 (carton),Oil,68500,22100,,0,20,"Okomu Banga Red Palm Oil is a premium-quality red palm oil produced from carefully processed palm fruits. Rich in natural flavor and vibrant color, it is ideal for preparing traditional Nigerian dishes such as banga soup, native soups, stews, and sauces. It delivers authentic taste and excellent quality in every meal."
OKBAN2,Okomu Banga Red Palm Oil  2ltr x 6 (Pack),Oil,36500,11040,,0,20,"Okomu Banga Red Palm Oil is a premium-quality red palm oil produced from carefully processed palm fruits. Rich in natural flavor and vibrant color, it is ideal for preparing traditional Nigerian dishes such as banga soup, native soups, stews, and sauces. It delivers authentic taste and excellent quality in every meal."
GOYOIL96,Goya Extra Virgin oil 96ml x 36 (carton),Oil,80000,3460,,0,20,"Okomu Banga Red Palm Oil is a premium-quality red palm oil produced from carefully processed palm fruits. Rich in natural flavor and vibrant color, it is ideal for preparing traditional Nigerian dishes such as banga soup, native soups, stews, and sauces. It delivers authentic taste and excellent quality in every meal."
GOYOIL250,Goya  Extra Virgin oil 250ml x 25 (carton),Oil,123500,6250,,0,20,"Okomu Banga Red Palm Oil is a premium-quality red palm oil produced from carefully processed palm fruits. Rich in natural flavor and vibrant color, it is ideal for preparing traditional Nigerian dishes such as banga soup, native soups, stews, and sauces. It delivers authentic taste and excellent quality in every meal."
SOTOMS55,Sonia Tomatoes Mix Sachets 55g x 50 (carton),Paste,7300,2750,,0,1000,"Sonia Tomato Mix Sachets are made from quality tomatoes carefully processed to deliver rich color, flavor, and consistency. Ideal for preparing stews, soups, sauces, jollof rice, and a variety of Nigerian dishes. The convenient sachet format makes cooking easy and economical."
SOPEOS55,Sonia Peper and Onions Sachets 55g x 50 (carton),Paste,7300,2750,,0,800,"Sonia Pepper and Onions Sachets combine the natural flavors of tomatoes, peppers, and onions to provide a ready-to-use cooking base. Perfect for preparing delicious stews, soups, sauces, and rice dishes while saving time in the kitchen."
SOTOMX210,Sonia Tin Tomato mix 210g x 48  (carton),Paste,30000,10080,,0,500,"Sonia Tin Tomato Mix is made from quality tomatoes carefully processed to deliver rich color, flavor, and consistency. Ideal for preparing stews, soups, sauces, jollof rice, and a variety of Nigerian dishes. The convenient sachet format makes cooking easy and economical."
SOTOMX400,Sonia Tin Tomato mix 400g x 24 (carton),Paste,25500,9600,,0,500,"Sonia Tin Tomato Mix is made from quality tomatoes carefully processed to deliver rich color, flavor, and consistency. Ideal for preparing stews, soups, sauces, jollof rice, and a variety of Nigerian dishes. The convenient sachet format makes cooking easy and economical."
SOTOMX22,Sonia Tin Tomato mix 2.2kg x 6 (carton),Paste,30300,13200,,0,300,"Sonia  Tomato mix 2.2kg x 6 TIN is a quality FMCG product trusted by households and businesses across Nigeria. Carefully produced to deliver consistent performance, great value, and dependable quality. Suitable for retail, hospitality, food service, and everyday consumer needs, with packaging designed to preserve freshness and convenience."
SOBUT15,Sonia butter 15kg (carton),Butter,29500,15000,,0,50,"Sonia Butter is a high-quality baking and food preparation fat suitable for bakeries, confectioneries, and food manufacturers. It provides excellent texture, flavor, and consistency for pastries, cakes, bread, and other baked products."
SOTOM210,Sonia Tomato mix Sup 210g x 24 (carton),Paste,13000,5040,,0,600,"Sonia Tomato Mix Sup is a premium tomato paste with a rich tomato taste and smooth consistency. Ideal for enhancing the flavor and appearance of stews, soups, sauces, and rice dishes."
SOTOM400,Sonia Tomato mix Sup 400g x 24  (carton),Paste,22100,9600,,0,600,"Sonia Tomato Mix Sup is a premium tomato paste with a rich tomato taste and smooth consistency. Ideal for enhancing the flavor and appearance of stews, soups, sauces, and rice dishes."
SOTOM11,Sonia Tomato mix Sup 1.1kg x 12  (carton),Paste,29000,13200,,0,600,"Sonia Tomato Mix Sup is a premium tomato paste with a rich tomato taste and smooth consistency. Ideal for enhancing the flavor and appearance of stews, soups, sauces, and rice dishes."
SOCHIP5,Sonia Hot Chili pepper Powder 5g x 120 (carton),Spices,5700,600,,0,400,"Sonia Chili Peppers are made from carefully selected peppers to deliver intense flavor, vibrant color, and the desired level of heat. Ideal for soups, stews, sauces, marinades, and traditional Nigerian recipes."
FITOMX210,Figo Tomato Mix Sup 210g x 24 (carton),Tomato Paste,11300,5040,,0,200,"Figo Tomato Mix Sup is a premium tomato paste made from quality tomatoes to provide rich flavor, vibrant color, and smooth consistency. Perfect for preparing delicious stews, soups, and sauces."
FITOMX400,Figo Tomato Mix Sup 400g x 24 (carton),Tomato Paste,19300,9600,,0,200,"Figo Tomato Mix Sup is a premium tomato paste made from quality tomatoes to provide rich flavor, vibrant color, and smooth consistency. Perfect for preparing delicious stews, soups, and sauces."
FITOMX11,Figo Tomato Mix Sup 1.1kg x 12 (carton),Tomato Paste,23000,13200,,0,200,"Figo Tomato Mix Sup is a premium tomato paste made from quality tomatoes to provide rich flavor, vibrant color, and smooth consistency. Perfect for preparing delicious stews, soups, and sauces."
KGTGA100,Kivo Good Time  Garri Mix 3 in 1 100g x 40 (carton),Cereal,11300,4000,,0,300,"Kivo Good Time Garri Mix 3 in 1 is a convenient ready-to-enjoy blend designed to provide a refreshing and satisfying meal. Easy to prepare and packed for convenience, it is ideal for quick consumption at home, work, or on the go."
KGTGA50,Kivo Good Time  Garri Mix 3 in 1 50g x 60 (carton),Cereal,9300,3000,,0,200,"Kivo Good Time Garri Mix 3 in 1 is a convenient ready-to-enjoy blend designed to provide a refreshing and satisfying meal. Easy to prepare and packed for convenience, it is ideal for quick consumption at home, work, or on the go."
KGTCS12,Kivo Good time Creamer Sachets 12g x 200  (carton),Creamer,15200,2400,,0,500,"Kivo Good Time Creamer provides a smooth and creamy texture that enhances the taste of beverages. Suitable for tea, coffee, cereals, and various food preparations."
KGTCS350,Kivo Good time Creamer sachets 350g x 12,Creamer,22400,4200,,0,200,"Kivo Good Time Creamer provides a smooth and creamy texture that enhances the taste of beverages. Suitable for tea, coffee, cereals, and various food preparations."
VERYE500,Vera yeast 500g x 20 (carton),Yeast,55000,10000,,0,10,"Vera Yeast is a high-quality baking yeast designed to deliver excellent fermentation and consistent baking results. Ideal for bread, pastries, pizza dough, and other baked goods, it is trusted by bakeries and food producers."
STROYE500,STK Royal yeast  500g x 20 (carton),Yeast,59000,10000,,0,50,"STK Royal Yeast offers reliable fermentation performance for professional and home baking. It helps produce soft, fluffy, and well-risen baked products with consistent quality."
STBAPO454,STK baking powder 454g x 18 (carton),Baking Powder,54500,8170,,0,5,"STK Baking Powder is a premium leavening agent used to improve the texture, volume, and softness of cakes, pastries, biscuits, and other baked goods. Suitable for bakeries and home baking."
DEDOXPR500,Dependox Preservative 500g x 24 (carton),Baking Items,89000,12000,,0,5,"Dependox Preservative is a food-grade preservative formulated to help extend the shelf life of baked goods and food products while maintaining quality and freshness. Suitable for bakeries, confectioneries, and food manufacturers."
NODILE950,Novex Dishwash Lemeon 950ml x 12 (carton),Home Use,19500,11970,,0,50,"Novex Dishwash Lemon effectively removes grease, food residue, and stains while leaving dishes sparkling clean. Its refreshing lemon fragrance provides a pleasant washing experience."
NODIAP950,Novex Dishwash Apple 950ml x 12 (carton),Home Use,19500,11970,,0,50,Novex Dishwash Apple delivers powerful cleaning action against grease and dirt while leaving a fresh apple fragrance. Ideal for everyday dishwashing needs.
NOBLE500,Novex Bleach 500ml x 24 (carton),Home Use,21000,13320,,0,50,"Novex Bleach is a powerful cleaning and disinfecting solution designed to whiten fabrics, remove stains, and eliminate germs on household surfaces."
NOBLE1,Novex Bleach 1ltr x 12 (carton),Home Use,20000,13320,,0,50,"Novex Bleach is a powerful cleaning and disinfecting solution designed to whiten fabrics, remove stains, and eliminate germs on household surfaces."
NOBLSA75,Novex Bleach 75ml x 100 sachet (carton),Home Use,7500,8330,,0,50,"Novex Bleach is a powerful cleaning and disinfecting solution designed to whiten fabrics, remove stains, and eliminate germs on household surfaces."
NOTOCL800,Novex Toilet Cleaner 800ml x 12 (carton),Home Use,27000,10080,,0,50,"This versatile cleaner effectively removes dirt, grease, and stains from various household surfaces while leaving a refreshing lemon fragrance."
MUPUCLLE15,Multi purpose Cleaner  Lemeon 1.5ltr x 6  (carton),Home Use,14200,9450,,0,50,"Designed for everyday cleaning, this cleaner removes dirt and grime effectively while providing a fresh tangerine scent."
MUPUCLLA15,Multi purpose Cleaner Lavenda 1.5ltr x 6 (carton),Home Use,14200,9450,,0,50,"Designed for everyday cleaning, this cleaner removes dirt and grime effectively while providing a fresh tangerine scent."
MUPUCLTA15,Multi purpose Cleaner Tangerine 1.5ltr x 6 (carton),Home Use,14200,9450,,0,50,"Designed for everyday cleaning, this cleaner removes dirt and grime effectively while providing a fresh tangerine scent."
MUPUCLTA3,Multi purpose Cleaner Tangerine 3ltr x 4 (carton),Home Use,15300,12600,,0,50,"Multi purpose Cleaner Tangerine 3ltr x 4 is a quality FMCG product trusted by households and businesses across Nigeria. Carefully produced to deliver consistent performance, great value, and dependable quality. Suitable for retail, hospitality, food service, and everyday consumer needs, with packaging designed to preserve freshness and convenience."
MUPUCLLE3,Multi purpose Cleaner  Lemon 3ltr x 4  (carton),Home Use,15300,12600,,0,50,"Designed for everyday cleaning, this cleaner removes dirt and grime effectively while providing a fresh tangerine scent."
MUPUCLLA3,Multi purpose Cleaner Lavenda 3ltr x 4(carton),Home Use,15300,12600,,0,50,"Designed for everyday cleaning, this cleaner removes dirt and grime effectively while providing a fresh tangerine scent."
NOGLCL500,Novex Glass Cleaner 500ml x 12 (carton),Home Use,10800,6660,,0,50,"Novex Glass Cleaner is specially formulated to clean glass, mirrors, and shiny surfaces without leaving streaks. It delivers a sparkling finish and crystal-clear shine."
SLINST300,Slap Insecticides 300ml x 24 (carton),Insecticides,39000,4100,,0,50,"Slap Insecticide is a fast-acting aerosol spray formulated to help control mosquitoes, flies, cockroaches, and other household insects. It provides effective protection and helps maintain a comfortable indoor environment"
SLINST600,Slap Insecticides 600ml x 12 (carton),Insecticides,26000,4100,,0,50,"Slap Insecticide is a fast-acting aerosol spray formulated to help control mosquitoes, flies, cockroaches, and other household insects. It provides effective protection and helps maintain a comfortable indoor environment"
SLCKP5,Slap Cockroach powder 5gx50x 12 (carton),Insecticides,25500,30000,,0,50,"Slap Cockroach Powder is specially formulated to help control cockroach infestations in homes, offices, kitchens, and commercial spaces. Easy to apply and highly effective."
INCHKNF70,Indomie Instant Noodles Chicken flavour 70g x 40 (carton),Noodles,9600,2800,,0,3000,"Indomie Chicken Flavour Instant Noodles provide a delicious and convenient meal solution. Easy to prepare in minutes, they deliver the classic chicken taste loved by millions of consumers."
INONF70,Indomie  Instant Noodles Onion Chicken Flavour 70g x 40 (carton),Noodles,10200,2800,,0,1500,Indomie Onion Chicken Flavour combines savory chicken seasoning with a rich onion taste to create a flavorful and satisfying meal suitable for any time of the day.
IOFN70,Indomie Oriental Fried  Noodles 70g x 40 (carton),Noodles,9400,2800,,0,700,Indomie Oriental Fried Noodles offer a unique stir-fried noodle experience with a rich blend of seasonings and authentic oriental flavor. Perfect for consumers seeking variety and convenience.
INSUP120,Indomie Superpack Chicken Flavour 120g x 40 (carton),Noodles,14550,4800,,0,1000,Indomie Super Pack Chicken Flavour delivers the delicious Indomie taste in a larger serving size. Ideal for bigger appetites while maintaining the same quick and easy preparation.
INHUP180,Indomie Hungrypack Chicken Flavour 180g x 24 (carton),Noodles,13200,4320,,0,500,Indomie Hungry Pack Chicken Flavour is specially designed for consumers seeking a more filling meal. It provides extra noodles and rich chicken flavor for greater satisfaction.
INBEL280,Indomie Bellefull Chicken Flavour 280g x 16 (carton),Noodles,13500,4480,,0,500,"Indomie Bellefull Chicken Flavour is a generously sized noodle pack created for maximum satisfaction. With its rich chicken seasoning and larger portion, it is ideal for sharing or enjoying as a hearty meal."
AALPUP80,Aace All purpose Seasoning Powder 80g x 12 (carton),Spices,9300,960,,0,50,"Aace All Purpose Seasoning Powder is a carefully blended mix of quality spices and seasonings designed to enhance the taste of a wide variety of meals. Ideal for soups, stews, rice dishes, sauces, vegetables, and grilled foods, it delivers rich flavor and aroma with every use. Conveniently packaged for households and food businesses."
AALPUP10,Aace All purpose  Seasoning Powder 10g x 160 (carton),Spices,11000,1900,,0,50,"Aace All Purpose Seasoning Powder is a carefully blended mix of quality spices and seasonings designed to enhance the taste of a wide variety of meals. Ideal for soups, stews, rice dishes, sauces, vegetables, and grilled foods, it delivers rich flavor and aroma with every use. Conveniently packaged for households and food businesses."
AABEFL900,Aace Beans Flour 900g x 20 (Carton),Spices,60800,18000,,0,50,"Aace Beans Flour is made from carefully selected and processed beans to provide a nutritious and versatile cooking ingredient. Ideal for making moi moi, akara, bean cakes, and other traditional recipes, it saves preparation time while delivering excellent taste and texture."
AABLKP10,Aace Black Pepper Spices 70g x 12 (Pack),Spices,21500,840,,0,50,"Aace Black Pepper Spice is made from premium black peppercorns, offering a bold, spicy flavor and rich aroma. It is perfect for seasoning meats, fish, soups, sauces, marinades, and a variety of local and continental dishes."
AACHIKN70,Aace Chicken  Seasoning Powder 70g x 12 (Pack),Spices,8250,840,,0,50,"Aace Chicken Seasoning Powder is specially formulated to enhance the natural taste of chicken dishes. It delivers rich flavor and aroma to grilled, fried, roasted, and stewed chicken recipes while ensuring consistent results."
AACHIL60,Aace Chili Pepper Powder 60g x 12 (Pack),Spices,11350,720,,0,50,"Aace Chili Pepper Powder is made from carefully selected dried peppers, delivering vibrant color and a spicy kick to your meals. It is ideal for soups, stews, sauces, marinades, and traditional Nigerian dishes."
AACHIL4,Aace Chili Pepper Powder 4g x 120 (Carton),Spices,6600,480,,0,100,"Aace Chili Pepper Powder is made from carefully selected dried peppers, delivering vibrant color and a spicy kick to your meals. It is ideal for soups, stews, sauces, marinades, and traditional Nigerian dishes."
AACINNM60,Aace Cinnamon Powder 60g x 12 (Pack),Spices,23200,720,,0,50,"Aace Cinnamon Powder delivers a warm, sweet aroma and distinctive flavor that enhances both sweet and savory dishes. Suitable for baking, beverages, cereals, desserts, and spice blends, it is a versatile kitchen essential.."
AACUR35,Aace Curry Seasoning Powder 3.5g x 200 (Carton),Spices,7850,700,,0,200,"Aace Curry Seasoning Powder Sachet provides a rich blend of spices that adds color, aroma, and flavor to rice, sauces, soups, and meat dishes. The convenient sachet size makes it ideal for everyday cooking and retail distribution."
AACURC80,Aace Curry Seasoning Powder  80g x 12 (Pack),Spices,9300,960,,0,50,"Aace Curry Seasoning Powder is a premium spice blend crafted to give meals a delicious curry flavor and appealing golden color. Perfect for rice dishes, stews, soups, and marinades."
AACUR80,Aace Curry Seasoning Powder 100g x 40 (Carton),Spices,23200,4000,,0,200,"Aace Curry Seasoning Powder is a premium spice blend crafted to give meals a delicious curry flavor and appealing golden color. Perfect for rice dishes, stews, soups, and marinades."
AAFRR10,Aace Fried rice  Seasoning Powder 10g x 160 (Carton),Spices,10800,1600,,0,100,"Aace Fried Rice Seasoning Powder combines quality herbs and spices to deliver authentic fried rice flavor. It helps create delicious, colorful rice dishes suitable for family meals, parties, and catering events."
AAFRR80,Aace Fried rice  Seasoning Powder 80g x 12 (Pack),Spices,12350,960,,0,50,"Aace Fried Rice Seasoning Powder combines quality herbs and spices to deliver authentic fried rice flavor. It helps create delicious, colorful rice dishes suitable for family meals, parties, and catering events."
AAGARL70,Aace Spice Garlic Powder 70g x 12 (Pack),Spices,10850,840,,0,50,"Aace Garlic Powder is made from finely processed garlic to provide a rich, savory taste and aroma. It is ideal for seasoning meats, fish, vegetables, soups, sauces, and marinades while offering the convenience of ready-to-use garlic."
AAGING55,Aace Spice Ginger Powder 55g x 12 (Pack),Spices,16950,660,,0,50,"Aace Ginger Powder delivers the natural warmth and aroma of fresh ginger in a convenient powdered form. Perfect for cooking, baking, beverages, marinades, and spice blends."
AAJOLF10,Aace Jollof  Seasoning Powder 10g x 160 (Carton),Spices,11400,1600,,0,300,Aace Jollof Seasoning Powder is crafted to bring authentic jollof flavor to your rice dishes. Its balanced blend of herbs and spices helps achieve the rich taste and aroma loved across Nigerian households.
AAJOLC80,Aace Jollof  Seasoning Powder 80g x 12 (Pack),Spices,8750,960,,0,50,Aace Jollof Seasoning Powder is crafted to bring authentic jollof flavor to your rice dishes. Its balanced blend of herbs and spices helps achieve the rich taste and aroma loved across Nigerian households..
AAJOLF100,Aace Jollof  Seasoning Powder  100g x 40 (Carton),,23000,4000,,0,200,Aace Jollof Seasoning Powder is crafted to bring authentic jollof flavor to your rice dishes. Its balanced blend of herbs and spices helps achieve the rich taste and aroma loved across Nigerian households.
AANUT60,Aace Nutmeg Powder  60g x 12 (Pack),Spices,32800,720,,0,50,"Aace Nutmeg Powder offers a sweet, aromatic flavor that enhances baked goods, desserts, beverages, soups, sauces, and spice mixes. Made from quality nutmeg, it brings warmth and depth to your recipes."
AAPES80,Aace Pepper soup Spice 70g x 12 (Pack),Spices,12850,840,,0,50,"Aace Peppersoup Spice is expertly blended to deliver the authentic taste and aroma of traditional Nigerian peppersoup. Ideal for fish, goat meat, chicken, and assorted meat peppersoup recipes."
AASUY80,Aace Suya spice Powder 80g x 12 (Pack),Spices,14400,960,,0,50,"Aace Suya Spice Powder is a flavorful blend of carefully selected spices designed to create authentic Nigerian suya. Perfect for beef, chicken, fish, and grilled foods, it adds a rich, spicy, and smoky taste."
AATHY40,Aace Thyme Spice 40g x 40  (Carton),Spices,17500,1600,,0,50,"Aace Thyme Spice is a premium dried herb known for its distinctive aroma and flavor. It is ideal for seasoning meats, poultry, soups, stews, sauces, and rice dishes, adding a delicious herbal touch to every meal."
AATHY30,Aace Thyme Spice 30g x 12 (Pack),Spices,7750,360,,0,50,"Aace Thyme Spice is a premium dried herb known for its distinctive aroma and flavor. It is ideal for seasoning meats, poultry, soups, stews, sauces, and rice dishes, adding a delicious herbal touch to every meal."
AATHY3,Aace Thyme Spice 3g x 200 (Carton),Spices,8550,600,,0,100,"Aace Thyme Spice is a premium dried herb known for its distinctive aroma and flavor. It is ideal for seasoning meats, poultry, soups, stews, sauces, and rice dishes, adding a delicious herbal touch to every meal."
AATUM70,Aace Turmeric Powder 70g x 12 (Pack),Spices,10300,840,,0,50,"Aace Turmeric Powder is made from carefully processed turmeric roots, offering a vibrant golden color and earthy flavor. Ideal for rice dishes, soups, stews, marinades, and healthy recipes."
AAYEPE70,Aace Yellow Pepper Powder 70g x 12 (Pack),Spices,26700,840,,0,50,"Aace Yellow Pepper Powder is produced from premium yellow peppers, delivering a unique aroma, vibrant color, and flavorful heat. It is perfect for soups, stews, sauces, rice dishes, and traditional Nigerian cuisine."
BIGBR50,Big Bull Rice 50kg,Grains,55000,50000,,0,100,"Big Bull Rice 50kg is a premium-quality parboiled rice carefully processed to deliver clean, stone-free grains with excellent cooking performance. Known for its long grains, appealing appearance, and great taste, it cooks evenly and remains firm after preparation. Suitable for homes, restaurants, caterers, and bulk users, Big Bull Rice is ideal for jollof rice, fried rice, white rice, and a variety of local and continental dishes. Its large 50kg pack offers excellent value for families, businesses, and food service operator."
MAMAR50,Mama Africa Rice 50kg,Grains,54000,50000,,0,50,"Mama Africa Rice 50kg is a high-quality rice brand selected to provide delicious taste, consistent texture, and satisfying meals. The rice is carefully processed to ensure clean grains that cook well and absorb flavors perfectly. Ideal for preparing jollof rice, coconut rice, fried rice, and everyday family meals, it delivers quality and value in every serving. The 50kg bag is suitable for households, caterers, restaurants, and commercial food businesses."
PRONI50,Proudly Nigeria Rice 50kg,Grains,55000,50000,,0,50,"Proudly Nigeria Rice 50kg is a premium locally produced rice that showcases the quality of Nigerian agriculture. Carefully milled and processed, it offers long, wholesome grains with excellent taste and cooking consistency. It is perfect for preparing a wide range of dishes including jollof rice, white rice, fried rice, and native rice recipes. With its quality, freshness, and affordability, Proudly Nigeria Rice is an excellent choice for homes, hotels, restaurants, and catering businesses seeking reliable locally sourced rice."
COCRM12,Costa Creamer 12g x 200 (Carton),Creamer,13000,2400,,0,100,"Costa Creamer is a rich and creamy non-dairy creamer specially formulated to enhance the taste and texture of hot beverages. It dissolves easily, delivering a smooth and satisfying creaminess to tea, coffee, cocoa, and other drinks. Conveniently packaged in individual sachets, it is ideal for homes, offices, hotels, restaurants, and catering services. Costa Creamer provides a delicious way to enjoy your favorite beverages every day."
COTEA2,Costa Tea 2gx25x40 (Carton),Beverages,14500,2000,,0,100,"Costa Tea is a premium tea blend carefully selected to deliver a refreshing aroma, rich color, and smooth taste in every cup. Whether enjoyed plain or with milk and sugar, it provides a comforting and satisfying tea experience. Individually packed tea bags ensure freshness, convenience, and consistent quality, making Costa Tea an excellent choice for homes, offices, hotels, restaurants, and hospitality businesses. Perfect for enjoying at breakfast, during breaks, or any time of the day."
JCCHFST20,Jara Crunch Cheesy Flavour 20G X 31,Snacks,6360,600,,0,50,"Jara Crunch Cheesy Flavour is a delicious, crispy corn snack seasoned with a rich and creamy cheese flavour that delivers a satisfying crunch in every bite."
